{
   "OpName": "/",
   "Left": 1.0,
   "NodeType": "BinaryOP",
   "Right": 
   {
      "OpName": "*",
      "Left": 
      {
         "OpName": "/",
         "Left": 
         {
            "OpName": "*",
            "Left": 2.0,
            "NodeType": "BinaryOP",
            "Right": 
            {
               "OpName": "\\",
               "Left": 2.0,
               "NodeType": "BinaryOP",
               "Right": 2.0
            }
         },
         "NodeType": "BinaryOP",
         "Right": 9801.0
      },
      "NodeType": "BinaryOP",
      "Right": 
      {
         "Hi": 3.0,
         "Hbnd": "<=",
         "Target": 
         {
            "OpName": "/",
            "Left": 
            {
               "OpName": "*",
               "Left": 
               {
                  "OpName": "!",
                  "PostFix": true,
                  "Parameters": 
                  {
                     "OpName": "*",
                     "Left": 4.0,
                     "NodeType": "BinaryOP",
                     "Right": 
                     {
                        "Operator": null,
                        "Symbol": "LocalVariable",
                        "NodeType": "Identifier",
                        "Kind": "Local",
                        "Name": "k"
                     }
                  },
                  "NodeType": "UnaryOP"
               },
               "NodeType": "BinaryOP",
               "Right": 
               {
                  "OpName": "+",
                  "Left": 1103.0,
                  "NodeType": "BinaryOP",
                  "Right": 
                  {
                     "OpName": "*",
                     "Left": 26390.0,
                     "NodeType": "BinaryOP",
                     "Right": 
                     {
                        "Operator": null,
                        "Symbol": "LocalVariable",
                        "NodeType": "Identifier",
                        "Kind": "Local",
                        "Name": "k"
                     }
                  }
               }
            },
            "NodeType": "BinaryOP",
            "Right": 
            {
               "OpName": "*",
               "Left": 
               {
                  "OpName": "^",
                  "Left": 
                  {
                     "OpName": "!",
                     "PostFix": true,
                     "Parameters": 
                     {
                        "Operator": null,
                        "Symbol": "LocalVariable",
                        "NodeType": "Identifier",
                        "Kind": "Local",
                        "Name": "k"
                     },
                     "NodeType": "UnaryOP"
                  },
                  "NodeType": "BinaryOP",
                  "Right": 4.0
               },
               "NodeType": "BinaryOP",
               "Right": 
               {
                  "OpName": "^",
                  "Left": 396.0,
                  "NodeType": "BinaryOP",
                  "Right": 
                  {
                     "OpName": "*",
                     "Left": 4.0,
                     "NodeType": "BinaryOP",
                     "Right": 
                     {
                        "Operator": null,
                        "Symbol": "LocalVariable",
                        "NodeType": "Identifier",
                        "Kind": "Local",
                        "Name": "k"
                     }
                  }
               }
            }
         },
         "Variable": "k",
         "Lo": 0.0,
         "Consumer": "SummationConsumer",
         "Delta": 1.0,
         "NodeType": "Range",
         "Lbnd": "<="
      }
   }
}
