{
	"APPS":
	[
		{
			"Name": "ZipDisplay",
			"Run": "/links/openzip.bat"
		},
		{
			"Name": "Dump",
			"Run": "/links/dump.bat"
		},
		{
			"Name": "IE",
			"Run": "/links/IE.bat"
		},
		{
			"Name": "Eclipse",
			"Run": "/links/eclipse.bat"
		},
		{
			"Name": "TextPad",
			"Run": "/links/textpad.bat"
		}
	],
	"BIND":
	[
		{
			"Type": "lnk",
			"With": "Dump"
		},
		{
			"Type": "zip",
			"With": "ZipDisplay"
		},
		{
			"Type": "jar",
			"With": "ZipDisplay"
		},
		{
			"Type": "txt",
			"With": "TextPad"
		},
		{
			"Type": "bat",
			"With": "TextPad"
		},
		{
			"Type": "java",
			"With": "TextPad"
		},
		{
			"Type": "json",
			"With": "Eclipse"
		},
		{
			"Type": "pdf",
			"With": "IE"
		},
		{
			"Type": "html",
			"With": "IE"
		},
		{
			"Type": "jpg",
			"With": "IE"
		},
		{
			"Type": "png",
			"With": "IE"
		},
		{
			"Type": "gif",
			"With": "IE"
		},
		{
			"Type": "cmd",
			"With": "IE"
		},
		{
			"Type": "xml",
			"With": "IE"
		}
	]
}